[
    {
        "members": [
            {
                "name": "city",
                "offset": 0,
                "type": "felt"
            },
            {
                "name": "ipfsHash1",
                "offset": 1,
                "type": "felt"
            },
            {
                "name": "ipfsHash2",
                "offset": 2,
                "type": "felt"
            },
            {
                "name": "twitter",
                "offset": 3,
                "type": "felt"
            },
            {
                "name": "bidLevel",
                "offset": 4,
                "type": "felt"
            },
            {
                "name": "bidPrice",
                "offset": 5,
                "type": "felt"
            },
            {
                "name": "owner",
                "offset": 6,
                "type": "felt"
            }
        ],
        "name": "BillBoard",
        "size": 7,
        "type": "struct"
    },
    {
        "inputs": [
            {
                "name": "owner",
                "type": "felt"
            },
            {
                "name": "world_token_addr",
                "type": "felt"
            },
            {
                "name": "base_price",
                "type": "felt"
            },
            {
                "name": "split_ratio",
                "type": "felt"
            }
        ],
        "name": "constructor",
        "outputs": [],
        "type": "constructor"
    },
    {
        "inputs": [],
        "name": "get_next_board_id",
        "outputs": [
            {
                "name": "next_board_id",
                "type": "felt"
            }
        ],
        "stateMutability": "view",
        "type": "function"
    },
    {
        "inputs": [],
        "name": "get_world_token_addr",
        "outputs": [
            {
                "name": "token_addr",
                "type": "felt"
            }
        ],
        "stateMutability": "view",
        "type": "function"
    },
    {
        "inputs": [],
        "name": "get_base_price",
        "outputs": [
            {
                "name": "base_price",
                "type": "felt"
            }
        ],
        "stateMutability": "view",
        "type": "function"
    },
    {
        "inputs": [],
        "name": "get_split_ratio",
        "outputs": [
            {
                "name": "split_ratio",
                "type": "felt"
            }
        ],
        "stateMutability": "view",
        "type": "function"
    },
    {
        "inputs": [
            {
                "name": "id",
                "type": "felt"
            }
        ],
        "name": "get_bill_board",
        "outputs": [
            {
                "name": "bill_board",
                "type": "BillBoard"
            }
        ],
        "stateMutability": "view",
        "type": "function"
    },
    {
        "inputs": [
            {
                "name": "id",
                "type": "felt"
            }
        ],
        "name": "get_bill_board_tuple",
        "outputs": [
            {
                "name": "_city",
                "type": "felt"
            },
            {
                "name": "_ipfsHash1",
                "type": "felt"
            },
            {
                "name": "_ipfsHash2",
                "type": "felt"
            },
            {
                "name": "_twitter",
                "type": "felt"
            },
            {
                "name": "_bid_level",
                "type": "felt"
            },
            {
                "name": "_bid_price",
                "type": "felt"
            },
            {
                "name": "_owner",
                "type": "felt"
            }
        ],
        "stateMutability": "view",
        "type": "function"
    },
    {
        "inputs": [
            {
                "name": "world_token_addr",
                "type": "felt"
            }
        ],
        "name": "set_world_token_addr",
        "outputs": [],
        "type": "function"
    },
    {
        "inputs": [
            {
                "name": "base_price",
                "type": "felt"
            }
        ],
        "name": "set_base_price",
        "outputs": [],
        "type": "function"
    },
    {
        "inputs": [
            {
                "name": "split_ratio",
                "type": "felt"
            }
        ],
        "name": "set_split_ratio",
        "outputs": [],
        "type": "function"
    },
    {
        "inputs": [
            {
                "name": "_city",
                "type": "felt"
            }
        ],
        "name": "setup",
        "outputs": [],
        "type": "function"
    },
    {
        "inputs": [
            {
                "name": "id",
                "type": "felt"
            },
            {
                "name": "_city",
                "type": "felt"
            },
            {
                "name": "_ipfsHash1",
                "type": "felt"
            },
            {
                "name": "_ipfsHash2",
                "type": "felt"
            },
            {
                "name": "_twitter",
                "type": "felt"
            }
        ],
        "name": "bid",
        "outputs": [
            {
                "name": "billboard",
                "type": "BillBoard"
            }
        ],
        "type": "function"
    }
]
